1;5555;Jenny;Walkens;565559971;jwalkens;9971;History;Biology;Calculus;PE;Spanish;English
2;5556;Robert;Baratheon;565559972;rbaratheon;9972;History;Biology;Algebra;Weights;French;English
3;5557;Gabrielle;Crouch;565559973;gcrouch;9973;History;Biology;Calculus;PE;German;English
4;5558;Timothy;Cioffi-Dinkel;565559974;tcioffi;9974;History;Biology;Algebra;Extra;Spanish;English
5;5559;Stephen;Richards;565559975;srichards;9975;History;Biology;Calculus;Weights;French;English
6;5560;Jack;Williams;565559976;jwilliams;9976;History;Biology;Basic;PE;German;English
7;5561;Richard;Star;565559977;rstar;9977;History;Biology;Calculus;Extra;Spanish;English
8;5562;Rebecca;Rebar;565559978;rrebar;9978;History;Biology;Basic;Weights;French;English
9;5563;Joshua;Salazar;565559979;jsalazar;9979;History;Biology;Algebra;PE;German;English
10;5564;Nathan;Lemar;565559980;nlemar;9980;History;Biology;Basic;Extra;Spanish;English
11;5565;Garrett;Faster;565559981;gfaster;9981;History;Biology;Calculus;Weights;French;English
12;5566;Lewis;Louise;565559982;llouise;9982;History;Biology;Algebra;PE;German;English
13;5567;Trevor;Lockheart;565559983;tlockheart;9983;History;Biology;Basic;Extra;Spanish;English
14;5568;Matthew;Herman;565559984;mvherman;9984;History;Biology;Algebra;Weights;French;English
15;5569;Michael;Strauss;565559985;mstrauss;9985;History;Biology;Calculus;PE;German;English
16;5570;Tracie;Deckard;565559986;tdeckard;9986;History;Biology;Algebra;Extra;Spanish;English
17;5571;Herman;Stiflin;565559987;hstiflin;9987;History;Biology;Basic;Extra;French;English
18;5572;Scott;Scottland;565559988;sscottlan;9988;History;Biology;Basic;Weights;German;English
19;5573;Timothy;Stillbern;565559989;tstillbern;9989;History;Biology;Calculus;PE;Spanish;English
20;5574;James;Johnson;565559990;jjohnson;9990;History;Biology;Algebra;Extra;French;English
